Feature,Importance
GGB4552,0.1880441810119222
Blautia,0.6382662781508927
Lawsonibacter,0.0336566400836261
Prevotellamassilia,0.140032900753559
